email,password
user1_D2GyR@demo.net,EgcDXuthm5
user2_z6vor@testing.com,RTYIlWjWsT
user3_Z5MHw@sample.com,1J45GLbV96
user4_cfIpM@sample.com,sRSJoU5462
user5_Shqn0@demo.net,wzy9oU3TPf
user6_4bKtl@random.org,sNG7avnkm7
user7_P4jns@demo.net,tZ7YSOFWAZ
user8_p7Pho@example.com,TLkkQHzloI
user9_5WKAU@demo.net,ux4RflP4Up
user10_vFIvQ@demo.net,JAAHKJabVX
user11_p2fRh@testing.com,a63FnP0wzM
user12_qTOxq@testing.com,WrYyuGAm17
user13_IrJiJ@demo.net,12KZXpdrJ9
user14_2XqxV@sample.com,u9scKM4ewV
user15_ol6aT@testing.com,tc2ebvr6Fe
user16_yt8pj@random.org,0Bncy3sOHO
user17_GOEts@demo.net,92TcekxnAJ
user18_W7pk2@testing.com,5j0LxjPprV
user19_8dGv4@example.com,64RS3XwIuO
user20_svcdH@testing.com,QMXHLcvIiK
user21_tvwwF@testing.com,meMVjKu7bB
user22_NepDN@testing.com,TONYJHPmHC
user23_JU1l5@random.org,ArTWCKMybE
user24_OgUQg@sample.com,7BtqbQMOAg
user25_Tlyuh@example.com,4oIDU4bmK8
user26_UFRnT@sample.com,gG0ZxeYR4G
user27_yydFt@random.org,9wzJsjn2Ec
user28_PQg6z@sample.com,Xt3e3qfqJz
user29_odGfk@demo.net,T7rdHaoVmr
user30_xt7YC@testing.com,7Dd37rqyo3
user31_2PQ3e@sample.com,Cy2HyZLOlR
user32_8pFTD@sample.com,pAOwY8rAvr
user33_xy9Nk@sample.com,QZuaTkF3To
user34_RTPEf@example.com,cDXuYBbKVS
user35_jGAjg@random.org,l4u6V5fwMi
user36_9DR8H@testing.com,ibyB4MhOi8
user37_PFrGX@testing.com,tM6cY9UUrb
user38_4js0Y@testing.com,qfFCHghHdw
user39_QqPJR@example.com,Y6IPaRbqq0
user40_31pAV@testing.com,Z4lIfL2vWO
user41_yKf1Y@example.com,f3rgeDMLu7
user42_ngPgM@demo.net,jwgu1tsZhl
user43_zDE1Q@testing.com,IODWgac7zC
user44_GFuIJ@sample.com,KaowEAPNjw
user45_nu2hq@example.com,HeZwTNT4J2
user46_NqShl@testing.com,GItq5KONww
user47_CAh6Q@testing.com,8Qm3MWPxdZ
user48_0Mpip@example.com,5urZ2FG4DA
user49_PZ9zl@random.org,QoqUX4rAXg
user50_eM1Je@testing.com,RGbjiRECb9
user51_PMPW4@random.org,gc1b1nFmrw
user52_xKQG2@testing.com,EygkOsSvox
user53_yipwr@testing.com,Md2Tk4BcId
user54_C1lEo@example.com,I0LaBTyWCk
user55_uLUik@testing.com,M6PJrsg7jZ
user56_0FMBj@sample.com,3wCf3WVPkO
user57_fMijO@example.com,4f0TH3R4VX
user58_6w5OU@testing.com,WNgz67ctav
user59_LakEN@demo.net,6QIRePsNt8
user60_VDxdR@sample.com,gcGmCdT1fV
user61_sywvx@testing.com,NNRdLE2iKq
user62_aU9id@demo.net,xMSEzrsshu
user63_IpkvO@example.com,Tq0kV9msbq
user64_eshBH@testing.com,EE1qD97udP
user65_13FME@sample.com,zzRvwtmiXq
user66_ySd3p@example.com,96mjecITWL
user67_aYy8P@random.org,4ExirCRWgz
user68_Wkz7I@sample.com,GQJGtQai7D
user69_UnLsE@example.com,mFfITK8f6h
user70_bkQnH@testing.com,KvPCUap1Lz
user71_AFOEp@testing.com,RidpvX7zGU
user72_KtLGf@demo.net,KgfWOQd0L7
user73_ph8GF@random.org,7HEB0iUs2C
user74_UmMVe@sample.com,FAMXMwjctu
user75_gIPkB@random.org,v3Ekl7vgM5
user76_j7IOP@example.com,xpcjvRA82S
user77_WcxHC@sample.com,MGKywhgd6Q
user78_wwy3Y@testing.com,2COnV6cBLM
user79_xht1w@sample.com,qCFrZz8L4w
user80_fi10X@testing.com,s8xreo7OzD
user81_JjNWX@sample.com,V3PkIfVcF7
user82_b7zUl@sample.com,or27rKC2Ty
user83_qW7lK@demo.net,ZNEEAvnjtS
user84_fdrON@demo.net,uqirw8cClW
user85_duV2N@example.com,6liIb0EMle
user86_mEjjk@sample.com,dFnA2pCSiN
user87_xf1KC@testing.com,mcfidjBhlk
user88_YsLqK@demo.net,rONzdb36SY
user89_Tyybp@testing.com,PcrKLYDwNp
user90_dtW9m@sample.com,8E8zISlr71
user91_3w4Xh@example.com,x5XGMqwUhL
user92_E8LI9@demo.net,1CuOcJjkxG
user93_N3xGi@sample.com,NhQvzxXYro
user94_Qd53P@random.org,I0ygoFbL1C
user95_lrozJ@random.org,seuqbKS8dk
user96_H6uzZ@testing.com,rebw7idsDC
user97_I8Oqt@sample.com,22t9CHQZd8
user98_Q2b44@testing.com,Le4Z5j0C2X
user99_P7V3i@demo.net,9MOryMKtyM
user100_NKa3N@sample.com,6R7IHAAXed
user101_3vdgz@testing.com,IIqwOt9TN3
user102_dPyTG@demo.net,o4dB4zFoD5
user103_AKzkM@testing.com,cbGWE8P09T
user104_I69GK@example.com,HXp0Ew8Y4x
user105_WqIRf@demo.net,3YKXhD1RR1
user106_1dSku@testing.com,nLhp9D5SUe
user107_ZAGey@random.org,9Xx1gHbwCN
user108_a93ZH@random.org,PSIn33UI1Q
user109_BWrLk@random.org,7R06EO69z1
user110_iix63@demo.net,zMkUr4RSnS
user111_CsL2t@example.com,t7sGzC7Gol
user112_U5u6g@testing.com,V7UDwoH9Rg
user113_8GAEJ@sample.com,glrLyU6QQI
user114_e2O3h@testing.com,EwaDSBpqyW
user115_HzjoL@testing.com,kdxpuJaVOs
user116_sCs7M@random.org,0SerDgeZip
user117_t49RY@demo.net,jddx7IIzJ2
user118_vqJbu@demo.net,JRWAz9sKCd
user119_utOLY@demo.net,w70nMsdz0f
user120_AHnlE@testing.com,vssEydZqIZ
user121_ss0Mj@example.com,Y7mfkuoKth
user122_dWDeq@testing.com,6DCY7aQbxJ
user123_ILFbj@testing.com,9lI9XwFaco
user124_loDj8@example.com,XcIwRJTpFv
user125_mXDzs@example.com,WOtVePTWd4
user126_eja6w@example.com,rXifK9Crxj
user127_AGT8Z@demo.net,sI7JXoj1vc
user128_Pj7Hw@example.com,heUrhcWVRF
user129_VtAUD@sample.com,KJ51giHH2W
user130_EWRI5@testing.com,JUwrXBymd3
user131_TbVVJ@testing.com,9tSC23dMDl
user132_m1SzX@sample.com,9AT5BLPIXW
user133_FRCU2@example.com,GHzVJY8kl9
user134_3M3ux@sample.com,TjMCjolZu1
user135_bmBqx@sample.com,tZIAgfBm4x
user136_vqejW@testing.com,q8YGzPjeN1
user137_aHnGl@example.com,aOADk8n7kc
user138_M4U7n@demo.net,yvTDIWjudU
user139_kxrhY@testing.com,LCZ7VBGWNo
user140_04ZiD@example.com,QLIegNPryp
user141_TcsRo@demo.net,5BCzdmX2my
user142_1YBhd@random.org,vt1hZlOTTx
user143_1p4ZW@testing.com,sdsiRqvlqT
user144_uadKm@testing.com,VmsiQQVtqp
user145_Xlvav@random.org,N72RhpCtoP
user146_dw50r@testing.com,vyw0vwUZ29
user147_cPUc6@example.com,VTZxhxkmXd
user148_oAwiR@example.com,2jyOliy05b
user149_Q40vr@testing.com,p4npMXDDxf
user150_Gak0H@example.com,zrJKiHUMah
user151_SKNOT@testing.com,5ZJ6V2Wlo4
user152_NmMtg@demo.net,gN9zEdunPu
user153_vCaEL@random.org,zYMDlVeRiQ
user154_XtYzT@random.org,iua7fV69gH
user155_en1a8@testing.com,OdMkclpI08
user156_Exjbd@random.org,sjuDYEPWzR
user157_wFzqu@example.com,FhHWtKZnS0
user158_j2b8j@demo.net,Xg0C3Ym7ZU
user159_N9sxA@random.org,hf0ReBhnuM
user160_XXBV8@example.com,0MMQdLZL4t
user161_zbvdp@sample.com,P5grxTf97P
user162_2alHn@testing.com,DOfwHQTmLm
user163_8REm1@sample.com,J8znLMVp1n
user164_p0kdW@testing.com,ooAkKKY8Fg
user165_K2D8t@example.com,wa3zr63ZlQ
user166_Nbu8a@sample.com,K5sQr9d0Yf
user167_EirwE@testing.com,lvVJaxPxtf
user168_3s2FD@example.com,85LWvj7tZ4
user169_EkOqE@demo.net,Zw8qoXvaBI
user170_1TEpb@random.org,WnqR1gPupc
user171_D87op@testing.com,p3DhdOHYp1
user172_PCALM@example.com,QZjYdDIByH
user173_tBlv3@example.com,9ivTjilVau
user174_Xpqxb@sample.com,ykOnqOJ7iz
user175_NYs7x@sample.com,kVGSI0SMwr
user176_RglfG@testing.com,V3kXIiHWTc
user177_YzPuZ@random.org,iw421xrbyT
user178_0PoJZ@testing.com,Ow0foBlpOC
user179_ZbAMA@random.org,ZvBMjtyEJr
user180_2a2W2@random.org,QUnqsDmclE
user181_ENcCm@example.com,dxFrrNZFPa
user182_VHSwP@sample.com,DaWVgC4Kck
user183_c4lBq@random.org,gQCwlUqR5J
user184_L3XmY@random.org,TQk1D0fAnH
user185_UrmGQ@random.org,cSZfTO6biB
user186_Ab8RT@testing.com,kcHBFrbW9L
user187_kuSEn@testing.com,oxAobeOWhB
user188_Kqg5Y@random.org,r3GhpCUm7X
user189_VfrcD@demo.net,SxRPIu6bKl
user190_rZQ8P@example.com,PbqBCfzjZO
user191_ESgbE@demo.net,2dQHXGMXj7
user192_vIPCa@random.org,xpLnZa4IMF
user193_JEv5L@testing.com,qt1wWCvm8u
user194_awRrk@demo.net,gtNkPw3i1I
user195_8LBUV@example.com,ImSbokHuid
user196_ioRGR@example.com,X4XXsklchz
user197_PkDeR@random.org,iGKRRhcpSE
user198_6r7uD@example.com,WvtE98VpIs
user199_Ocpye@demo.net,ZNiD29Z7tw
user200_AANkT@example.com,LzIFnUqwuo
user201_Zo5Qt@sample.com,FmaoCDZ2gT
user202_Ndwo3@testing.com,SIKHQa0nlE
user203_pOUaC@testing.com,peXd3iIvpi
user204_wzD5O@example.com,UBkc9ttcMu
user205_DuaJq@testing.com,68qIJnTiTB
user206_kFOEl@testing.com,X9zrtRouEr
user207_guS8A@demo.net,vB4oFnWSrI
user208_dJwy0@demo.net,ihHNrPBp3L
user209_EA7jt@testing.com,9EuZqXtoNa
user210_FHCZ9@testing.com,I8oCYcmOys
user211_o7suN@testing.com,P8bWTU3rkg
user212_d03kM@demo.net,9GMRP3HaZU
user213_G6Jai@testing.com,ZIuKfdcAwF
user214_uE9ax@demo.net,2NQREnQYcM
user215_eppVB@sample.com,4E8um53bLM
user216_VJTdW@example.com,671ty5b8jA
user217_TpSiq@sample.com,eu9JVdGQAe
user218_mJuqt@demo.net,mgY8CpooiZ
user219_HR0n3@demo.net,O8Fg9EPAP6
user220_iJmZ9@random.org,cih0ZOrA5E
user221_o1UA9@example.com,Cn8HHxqaUX
user222_I7dVJ@random.org,ApBliNsnP4
user223_JHEQv@sample.com,tLny38QTlc
user224_VTVTG@sample.com,W95XQ10vxp
user225_arUuq@testing.com,2P8dQNRNgu
user226_RyYTm@demo.net,tRf1bsee5y
user227_5Z2mc@example.com,fmpAi1AkKv
user228_NyGFK@testing.com,yY20Lb84gJ
user229_d9Ad9@sample.com,xIB9eLPTVk
user230_dAAzl@random.org,WjdmCJdpZo
user231_is76b@random.org,XwwI3TPVm5
user232_GgyZW@demo.net,uNuhfwf9m5
user233_wufBT@demo.net,nRP5ZjGuIU
user234_27fyK@random.org,q0620nbJKk
user235_9iIEE@demo.net,6aAN9e1j19
user236_HmaMH@sample.com,LzPnV8iQBk
user237_110fS@example.com,FJreGwB09F
user238_3noFe@demo.net,wCggZDZsZQ
user239_PDTnX@random.org,f7gI9BljvT
user240_1Lzza@example.com,Fe6XGVyxOO
user241_9YBmD@sample.com,yv4RB0ZV8C
user242_eyP68@example.com,966VEGWAQr
user243_dLKtb@random.org,BNEzMMV2Pu
user244_LD2zr@random.org,UJ1xmkB0Wm
user245_KU0pv@sample.com,nDUBNjj7zH
user246_kLvc8@testing.com,zzZGhgAswS
user247_1iVl1@demo.net,ggSxLc9lKo
user248_sNJz8@testing.com,TTPe2ocvNJ
user249_K6BVq@example.com,Co6iypcoHd
user250_5LCVS@testing.com,oRS1kfI65B
user251_hRoYc@testing.com,RjLrKeJ5lw
user252_3LOu8@demo.net,DyuZhaHfft
user253_8ak1T@random.org,o3hEhnsJfl
user254_QDGOU@example.com,p6C3AFLlpx
user255_1O4zV@example.com,0tsxwq7Cxr
user256_I3Oh3@sample.com,r2JULDXAo3
user257_vH6X5@example.com,Zt5JMZn5Id
user258_nC8TE@random.org,gV4Ae9oiNg
user259_ZWkda@sample.com,X2wCmloh1I
user260_3LVzW@example.com,GpZ3I0fNbT
user261_lsSfT@testing.com,rkxJovHf23
user262_y6Pl0@sample.com,OoZLKjAv5r
user263_BeNdc@random.org,0J0XVy0nO4
user264_e1iSB@random.org,FnQNd1yaOB
user265_JyM8a@sample.com,1l4gbe7IVz
user266_Qpq3S@example.com,Yh7LtRE00R
user267_838Da@testing.com,FBd4lXdX0Z
user268_0TiMe@sample.com,34UHkpfsMZ
user269_YHJrw@example.com,Mfe2x64j6i
user270_2O8hj@random.org,QQxy8UppD5
user271_hwM8w@random.org,uO8uGDj6oQ
user272_RT04v@sample.com,UnopZYbpF4
user273_ULVDQ@testing.com,gUg9KYyPyb
user274_Il0Qq@example.com,QrShgakS3M
user275_JrXNN@demo.net,A33ntJoN1J
user276_Agcpp@sample.com,FhBrytwHNb
user277_TJQbf@sample.com,dkkbXCMg7L
user278_5kywE@testing.com,Y1CcGanKka
user279_ZLss7@testing.com,a8pywkmpcG
user280_8mNSG@example.com,pLafafl7lt
user281_pqlfa@sample.com,BlIvNUgTjx
user282_2uO1L@demo.net,P3uuyYHw4C
user283_U68ZX@example.com,qvKdiDmaxh
user284_7oI1G@testing.com,H4y9lm5IL6
user285_Q77Sz@sample.com,lgC791b8q6
user286_6SJ4b@example.com,vnij1TuaAl
user287_0lHjc@example.com,U4Fcf84Wc8
user288_ntqj2@testing.com,REqXns2f3H
user289_o8BTT@demo.net,S6yofqePhr
user290_vpex2@demo.net,iqqIcEUCE7
user291_FW4vc@testing.com,tzjNDc0TVP
user292_PBixj@demo.net,HAJst5wFLQ
user293_F9uUz@testing.com,cJdR2ZIEoc
user294_orTZO@random.org,Ay9TlS5UED
user295_nDTtl@testing.com,mMUCSjtQQ4
user296_rocKJ@example.com,D1F80QYqAA
user297_UVBPG@random.org,r24lp6qhXH
user298_drgxl@random.org,GQEUTY8vwf
user299_ZUTYJ@demo.net,3PF1RIvjwp
user300_NnhHm@random.org,vsgWCyFbLG
user301_hwUsC@demo.net,vczPRCA7ho
user302_Nf5cl@random.org,fqayqyP15T
user303_cwyQ8@random.org,x7d28T86xx
user304_r4EZW@example.com,JCOTGjgUHC
user305_8ef9g@random.org,IiNWeQVzmr
user306_P8DTn@demo.net,Iz0lI39REY
user307_7CmGz@random.org,J1dd0DADoB
user308_o7zsL@example.com,v1UcHq4N8U
user309_jd2MI@testing.com,xUELD96AwO
user310_SXPGV@example.com,8Ibgxed6tL
user311_VD0Yv@sample.com,Pr79yHwrsT
user312_p5UEv@testing.com,2LTkzd0kxE
user313_F70er@example.com,YrBGuvpSVu
user314_xC4Im@sample.com,4XmFmfsIJS
user315_FhJgK@random.org,xyzPeOzbwR
user316_in20k@demo.net,S4YUiAPOOt
user317_SL1GA@sample.com,lGKjrvlgSI
user318_pARvg@sample.com,3SNFBSdH6z
user319_klUxn@testing.com,4wo5rhL8ry
user320_8ATLn@sample.com,kAYObzylos
user321_NEZoo@example.com,JIrR3hyZ1R
user322_mVCcN@testing.com,5VZojyaizO
user323_6AjlJ@sample.com,vm0qplaB6q
user324_h9FY3@example.com,e9M02U1BrC
user325_l90MK@demo.net,vaD84pyWHa
user326_NErkM@sample.com,1UJOa2FeCj
user327_GdE8q@random.org,lEIbzSCruV
user328_YX4Bz@random.org,Wj7BEdxQlI
user329_lYfdA@sample.com,yP97PdoMzC
user330_H6rAk@demo.net,7ehBuYrAt0
user331_jWKwG@sample.com,KsGpULLCvN
user332_01ze1@testing.com,21UNTNnCho
user333_SOGrl@testing.com,PfxDaIlKaO
user334_jm1jA@testing.com,YpqTKkHlDh
user335_Oei4X@demo.net,SnEyDWvx81
user336_Md5g0@example.com,jv9DvNO4dC
user337_H5Fni@example.com,vMPtWbTKnc
user338_VUqOs@testing.com,N7VIawINZI
user339_1zykx@random.org,9htw5vadtz
user340_8rvTg@demo.net,k1Djz4rvJr
user341_VVdBI@random.org,FsJ52LJj7c
user342_xMDdJ@example.com,I2jxBdMtSi
user343_42ail@testing.com,Qi4NLvNVMv
user344_RwiS8@sample.com,e1LsHt3AXO
user345_TtwDq@sample.com,38ygrQJVqt
user346_Vzg6B@testing.com,UBBvLR5LOP
user347_qxMyG@random.org,HPjCTcFg7B
user348_BUoLL@example.com,3JRqEumr1N
user349_fONyC@testing.com,weTDJUkDjC
user350_UXcWE@sample.com,NWRZeVHCAw
user351_4pe4G@testing.com,MmSi2Cq3OV
user352_M2ROc@random.org,V7R28YPNI6
user353_YqBEw@demo.net,LKgDEz8sUl
user354_AN2iu@example.com,zQnO7oJa8c
user355_evGXP@testing.com,2abLt6IjiA
user356_C1lUS@sample.com,TBZ8Z2DmQN
user357_WU91E@random.org,V1JUz3KE56
user358_1ePgc@demo.net,OrNUckoFhQ
user359_cuS6Z@sample.com,xnDtgMoKdV
user360_CpgUR@example.com,SZirxF9OLE
user361_2mjT1@random.org,VyLs6fqCPV
user362_6saWI@example.com,Gz4JNBx6WW
user363_qHfAH@example.com,2kCzxSMmcr
user364_yGCsd@sample.com,0WL66Obv2k
user365_fEREK@example.com,tv8T6EQYe8
user366_PBkpJ@demo.net,g2gUNqmWiR
user367_cp5RC@example.com,RycMIIR6EL
user368_BIehQ@example.com,ugvMhj74Rx
user369_kFYJl@testing.com,BbDIeEQVOv
user370_pVeaC@demo.net,hanPWWZ7jq
user371_j563T@random.org,ByqQjujiV8
user372_6OfS9@sample.com,ZwWCP6pprq
user373_LHfhu@example.com,RfZcxzhLqZ
user374_pJQJ4@example.com,AgTjM51x4e
user375_20VeJ@sample.com,fVOZEUte0m
user376_SPg2p@random.org,guOjkrs0As
user377_OBDjc@example.com,cDpHU4E2yQ
user378_rrw4u@example.com,vifZqNy7To
user379_VzcFM@demo.net,r0FKPeqde3
user380_4ypof@testing.com,fq3Lwo3Xv5
user381_Dv03A@testing.com,swfega78U5
user382_WctyU@random.org,z0JQTybixS
user383_cIyzK@sample.com,G5yO5IC3xw
user384_mwlH2@random.org,Lzqd4UpyCg
user385_Twzzh@sample.com,OGD9hSECSs
user386_mn7rj@demo.net,B20aUQvIvG
user387_SC2IH@demo.net,MYHOQgtu4U
user388_jMzBk@random.org,JEGs5DC026
user389_ClyXF@demo.net,8bkbMnLQs7
user390_ujFwJ@random.org,8Lys2hMafh
user391_v90sV@random.org,Ass0tce1Ew
user392_kEyJA@example.com,F8LbwJvfIO
user393_Ypzul@sample.com,k68157Vq9i
user394_m90m7@sample.com,nyJKECCnSk
user395_cha0H@example.com,IBDK4WEr7h
user396_261JY@sample.com,Gx6VrHlX9P
user397_mStwd@sample.com,TNwnGqulTn
user398_B7IWV@random.org,FgKsoykyym
user399_GlcDi@sample.com,bUCZh4FECv
user400_FdAI5@demo.net,E01ZF9lHQ8
user401_sOlKd@sample.com,MGvZIDLawU
user402_rqNZW@demo.net,FiA1mUe4JC
user403_5WxZU@sample.com,zjGZ4fXbBf
user404_poneI@demo.net,PtmFwntakL
user405_x00Pp@sample.com,gVFV2xBj4E
user406_bBL7d@random.org,zO2tTW1cm6
user407_slWxf@testing.com,Nd8wMiXTkk
user408_vZMOk@example.com,cGsW75Tjro
user409_JMe5w@demo.net,He41poEZek
user410_C494s@sample.com,RglpFOUd5l
user411_oIXgt@demo.net,2OiQKyosOJ
user412_HdnU1@random.org,6m6GACpVFl
user413_AyRRf@demo.net,i0au5ZOPtJ
user414_OwOl2@example.com,vEaMSj88ES
user415_qOsAx@testing.com,e34jnI9E2M
user416_Rr2JT@random.org,C6iEZuL13N
user417_NxzDH@demo.net,SQrLbdCyJS
user418_6TFxw@demo.net,JoqbmJs0Ir
user419_xQ1Tc@demo.net,HVewE85XGt
user420_L3F12@example.com,sVvHCZ7wBt
user421_DOlVU@demo.net,DX8tSgorWJ
user422_5zKdZ@example.com,LwmvV3wTae
user423_PPaEH@example.com,q21XFJEvI5
user424_D2fug@sample.com,VyhI2gUMND
user425_bYaQh@sample.com,8cizY5Durv
user426_HkvIa@sample.com,VXwr7vxTgt
user427_uuRZ9@random.org,tx3zHhMkdB
user428_KtJQd@example.com,ftqbUqOQ0j
user429_GMWJH@example.com,DFaxXRQmzd
user430_8A4UL@sample.com,49iLKoHdkc
user431_jmUyO@demo.net,ji0AiRuIVo
user432_rDDhA@random.org,jKfyLQQddN
user433_8P7Ut@testing.com,sy7TfvXzxX
user434_EsVYZ@random.org,CExrwgO7fq
user435_nU7FV@example.com,VCFcrB9nQI
user436_V8ADm@sample.com,CROTodhprj
user437_1f7cX@testing.com,aQjHgmSGo0
user438_s5ZQx@testing.com,lzxHxkMem4
user439_ClfBW@sample.com,FaDhlpJg78
user440_NCAlH@sample.com,9GB7oWHJ3B
user441_VlaPL@sample.com,RQ136maVlf
user442_XZKz7@testing.com,2koBr01Q9u
user443_C4jwP@demo.net,SmcDF14KuT
user444_cmd9i@example.com,aGHhigRlq7
user445_eIDRw@random.org,PhtC3Sl62E
user446_Na79P@demo.net,NCUMjJiExa
user447_fPaX7@sample.com,rhLwDrvTpM
user448_oeaOT@random.org,kbuJjNsEYn
user449_PKblN@demo.net,wDFBIRbmoY
user450_oY92a@testing.com,SyhAUtuFhL
user451_prKZ2@example.com,c8pLVlBn3q
user452_UncF3@example.com,DCnH2Hhn5d
user453_dvPTQ@random.org,7YNpD2hWcn
user454_kJuDl@demo.net,DWWrPXYClM
user455_B6PX8@sample.com,O7AiwOZP6G
user456_IduGP@example.com,IwjkpCbMvt
user457_mCu2s@testing.com,7gt9lMWqvi
user458_xiEQQ@random.org,TmvEvSOCCU
user459_NOtxk@testing.com,72QK3Jgefd
user460_vuxjo@random.org,hxiFYW5xz0
user461_VNbME@testing.com,CIWtwWwm4x
user462_Y5Iuu@sample.com,jAya4BI97Y
user463_D2STu@demo.net,Teu8cLvd7N
user464_TIpC7@sample.com,qclpK9P2ks
user465_aVn6I@demo.net,wfkx0jPxTq
user466_vk7yS@testing.com,R8kv9WHGJO
user467_2XjIn@example.com,cYuKodGEee
user468_ioYRM@example.com,hwrUHCaE2Y
user469_VD9sQ@demo.net,33N56kC2wu
user470_rmPw1@sample.com,BVTOUIXUo5
user471_QOokO@testing.com,epBXwOCHmC
user472_zT16h@random.org,Yx8v5I194E
user473_doJWi@demo.net,apCpvwCQ3s
user474_xKlVC@testing.com,DJZHQNAjaO
user475_l9tUv@demo.net,3M36yCDqds
user476_snxvv@sample.com,yZ3St4s0OQ
user477_ht7Gs@example.com,lGmxeghaIX
user478_EJZB9@demo.net,T2WTefl26e
user479_4RNuA@sample.com,bN0AhOB5qe
user480_oxFLA@random.org,NMXV9dDLZ5
user481_RdCjx@sample.com,QGeFBvOWh7
user482_l0KF6@example.com,Ny8cmDQL2X
user483_WPEAD@sample.com,1o8wh9RFtT
user484_kwgPY@demo.net,csTHrmFxMj
user485_scaS0@demo.net,jpQtizhx72
user486_HpAzI@testing.com,yJnshuB5WK
user487_B8RTc@demo.net,Ox3t53UrqB
user488_yVxoD@example.com,RBXPbOR77k
user489_N7y0e@example.com,H1LPgxmrja
user490_z5IEE@example.com,jGYfdAopoY
user491_fkHMR@sample.com,gbcYzwbDRQ
user492_ozt8K@example.com,LyQMpBELfa
user493_2MEoU@example.com,AD2IwTNTY7
user494_pylcI@demo.net,Jzt78wldfB
user495_5v9K6@demo.net,TdM4QhwdJw
user496_Ecsvd@demo.net,38xpsvSuGU
user497_8EC3k@testing.com,cnTODFSScH
user498_vI1wn@example.com,BuMgSPCSUt
user499_1bdso@random.org,gdu724ukiK
user500_XsSz3@testing.com,tlC7f8NN3Q